{"cameraMode":{"drawMode":0,"name":"Shaded","section":"Shading Mode"},"sceneLighting":true,"audioPlay":false,"sceneViewState":{"m_AlwaysRefresh":false,"showFog":true,"showSkybox":true,"showFlares":true,"showImageEffects":true,"showParticleSystems":true,"showVisualEffectGraphs":true,"m_FxEnabled":true},"in2DMode":false,"pivot":{"x":1.0272330045700074,"y":1.5894463062286378,"z":0.33785539865493777},"rotation":{"x":-0.2547616958618164,"y":0.6207518577575684,"z":-0.22371207177639008,"w":-0.706912636756897},"size":0.8660253882408142,"orthographic":false}