{"cameraMode":{"drawMode":0,"name":"Shaded","section":"Shading Mode"},"sceneLighting":true,"audioPlay":false,"sceneViewState":{"m_AlwaysRefresh":false,"showFog":true,"showSkybox":true,"showFlares":true,"showImageEffects":true,"showParticleSystems":true,"showVisualEffectGraphs":true,"m_FxEnabled":true},"in2DMode":false,"pivot":{"x":-14.269221305847168,"y":-85.04263305664063,"z":194.50765991210938},"rotation":{"x":0.20991195738315583,"y":-0.05073392763733864,"z":0.012722726911306382,"w":0.9766262173652649},"size":103.07764434814453,"orthographic":false}