{"cameraMode":{"drawMode":0,"name":"Shaded","section":"Shading Mode"},"sceneLighting":true,"audioPlay":false,"sceneViewState":{"m_AlwaysRefresh":false,"showFog":true,"showSkybox":true,"showFlares":true,"showImageEffects":true,"showParticleSystems":true,"showVisualEffectGraphs":true,"m_FxEnabled":true},"in2DMode":false,"pivot":{"x":1010.0726318359375,"y":356.56915283203127,"z":1028.6546630859375},"rotation":{"x":0.054262153804302219,"y":-0.9396885633468628,"z":0.17856675386428834,"w":0.2866242825984955},"size":1014.98193359375,"orthographic":false}