{"cameraMode":{"drawMode":0,"name":"Shaded","section":"Shading Mode"},"sceneLighting":true,"audioPlay":false,"sceneViewState":{"m_AlwaysRefresh":false,"showFog":true,"showSkybox":true,"showFlares":true,"showImageEffects":true,"showParticleSystems":true,"showVisualEffectGraphs":true,"m_FxEnabled":true},"in2DMode":false,"pivot":{"x":-13.110095977783204,"y":7.73895788192749,"z":-10.985565185546875},"rotation":{"x":-0.021075116470456125,"y":-0.7722905278205872,"z":-0.024993062019348146,"w":0.6346802711486816},"size":6.672737121582031,"orthographic":false}