{"cameraMode":{"drawMode":0,"name":"Shaded","section":"Shading Mode"},"sceneLighting":true,"audioPlay":false,"sceneViewState":{"m_AlwaysRefresh":false,"showFog":true,"showSkybox":true,"showFlares":true,"showImageEffects":true,"showParticleSystems":true,"showVisualEffectGraphs":true,"m_FxEnabled":true},"in2DMode":false,"pivot":{"x":843.5421142578125,"y":498.6916809082031,"z":-159.6170196533203},"rotation":{"x":-0.00777532858774066,"y":0.03208488970994949,"z":-0.0011737140594050289,"w":-0.9997280836105347},"size":103.07764434814453,"orthographic":false}