{"cameraMode":{"drawMode":0,"name":"Shaded","section":"Shading Mode"},"sceneLighting":true,"audioPlay":false,"sceneViewState":{"m_AlwaysRefresh":false,"showFog":true,"showSkybox":true,"showFlares":true,"showImageEffects":true,"showParticleSystems":true,"showVisualEffectGraphs":true,"m_FxEnabled":true},"in2DMode":false,"pivot":{"x":994.018310546875,"y":182.94256591796876,"z":21.4937744140625},"rotation":{"x":0.0032642967998981477,"y":-0.028282249346375467,"z":0.00160334596876055,"w":0.9998983144760132},"size":345.6242980957031,"orthographic":false}