{"cameraMode":{"drawMode":0,"name":"Shaded","section":"Shading Mode"},"sceneLighting":true,"audioPlay":false,"sceneViewState":{"m_AlwaysRefresh":false,"showFog":true,"showSkybox":true,"showFlares":true,"showImageEffects":true,"showParticleSystems":true,"showVisualEffectGraphs":true,"m_FxEnabled":true},"in2DMode":false,"pivot":{"x":6.8124470710754398,"y":41.997039794921878,"z":-198.38442993164063},"rotation":{"x":-0.0007059682975523174,"y":0.9951332807540894,"z":0.10005596280097962,"w":0.0164871234446764},"size":103.07764434814453,"orthographic":false}